Learning time,3,msecs
0.0
0.4968118491785235	0.0
0.573669710325729	0.5354682933147541	0.0
0.5328623840279684	0.4896225020070975	0.21934250506344027	0.0
0.36196777770002686	0.6907435089089667	0.622921737726134	0.5620096713180023	0.0
0.4702510733478424	0.5489823348919513	0.612323748394753	0.6249032927622796	0.5838604735021126	0.0
0.5492486177183843	0.5232566374725641	0.7398211204321105	0.6215188497703373	0.6014890988433347	0.42022294131550236	0.0
