Learning time,5,msecs
0.0
0.6611666052416295	0.0
0.27567044540407876	0.6111373201711873	0.0
0.42629086104308034	0.6701294468777095	0.4822654336604429	0.0
0.4155184925036158	0.7146395781416476	0.45824064060620057	0.07518112994874003	0.0
0.31288476980519875	0.7078076538585941	0.539757072860341	0.4562496634279923	0.46702668579129936	0.0
0.4421259340505347	0.5200047350566801	0.42333100583464994	0.5323503235688122	0.5368298190481711	0.48986895669195024	0.0
0.438387065626564	0.6128946847192029	0.37180470118773784	0.5485365843986051	0.5334321808990439	0.5249022807690616	0.14530838427332077	0.0
